agents,private_accuracy,shared_accuracy,attenders_before_switch,private_attention_value,social_attention_value,attention_wedge
2,1/3,1/3,0,0,0,0
2,1/3,1/3,1,-1/9,-2/9,1/9
2,1/3,1/2,0,5/36,1/9,1/36
2,1/3,1/2,1,0,-1/6,1/6
2,1/3,2/3,0,5/18,2/9,1/18
2,1/3,2/3,1,1/9,-1/9,2/9
2,1/3,3/4,0,25/72,5/18,5/72
2,1/3,3/4,1,1/6,-1/12,1/4
2,1/3,5/6,0,5/12,1/3,1/12
2,1/3,5/6,1,2/9,-1/18,5/18
2,1/2,1/3,0,-1/8,-1/12,-1/24
2,1/2,1/3,1,-1/4,-1/3,1/12
2,1/2,1/2,0,0,0,0
2,1/2,1/2,1,-1/8,-1/4,1/8
2,1/2,2/3,0,1/8,1/12,1/24
2,1/2,2/3,1,0,-1/6,1/6
2,1/2,3/4,0,3/16,1/8,1/16
2,1/2,3/4,1,1/16,-1/8,3/16
2,1/2,5/6,0,1/4,1/6,1/12
2,1/2,5/6,1,1/8,-1/12,5/24
2,2/3,1/3,0,-2/9,-1/9,-1/9
2,2/3,1/3,1,-7/18,-4/9,1/18
2,2/3,1/2,0,-1/9,-1/18,-1/18
2,2/3,1/2,1,-1/4,-1/3,1/12
2,2/3,2/3,0,0,0,0
2,2/3,2/3,1,-1/9,-2/9,1/9
2,2/3,3/4,0,1/18,1/36,1/36
2,2/3,3/4,1,-1/24,-1/6,1/8
2,2/3,5/6,0,1/9,1/18,1/18
2,2/3,5/6,1,1/36,-1/9,5/36
2,3/4,1/3,0,-25/96,-5/48,-5/32
2,3/4,1/3,1,-11/24,-1/2,1/24
2,3/4,1/2,0,-5/32,-1/16,-3/32
2,3/4,1/2,1,-5/16,-3/8,1/16
2,3/4,2/3,0,-5/96,-1/48,-1/32
2,3/4,2/3,1,-1/6,-1/4,1/12
2,3/4,3/4,0,0,0,0
2,3/4,3/4,1,-3/32,-3/16,3/32
2,3/4,5/6,0,5/96,1/48,1/32
2,3/4,5/6,1,-1/48,-1/8,5/48
2,5/6,1/3,0,-7/24,-1/12,-5/24
2,5/6,1/3,1,-19/36,-5/9,1/36
2,5/6,1/2,0,-7/36,-1/18,-5/36
2,5/6,1/2,1,-3/8,-5/12,1/24
2,5/6,2/3,0,-7/72,-1/36,-5/72
2,5/6,2/3,1,-2/9,-5/18,1/18
2,5/6,3/4,0,-7/144,-1/72,-5/144
2,5/6,3/4,1,-7/48,-5/24,1/16
2,5/6,5/6,0,0,0,0
2,5/6,5/6,1,-5/72,-5/36,5/72
3,1/3,1/3,0,0,0,0
3,1/3,1/3,1,-7/81,-4/27,5/81
3,1/3,1/3,2,-4/27,-2/9,2/27
3,1/3,1/2,0,19/162,2/27,7/162
3,1/3,1/2,1,1/108,-1/9,13/108
3,1/3,1/2,2,-1/18,-1/6,1/9
3,1/3,2/3,0,19/81,4/27,7/81
3,1/3,2/3,1,17/162,-2/27,29/162
3,1/3,2/3,2,1/27,-1/9,4/27
3,1/3,3/4,0,95/324,5/27,35/324
3,1/3,3/4,1,11/72,-1/18,5/24
3,1/3,3/4,2,1/12,-1/12,1/6
3,1/3,5/6,0,19/54,2/9,7/54
3,1/3,5/6,1,65/324,-1/27,77/324
3,1/3,5/6,2,7/54,-1/18,5/27
3,1/2,1/3,0,-7/72,-1/24,-1/18
3,1/2,1/3,1,-13/72,-1/6,-1/72
3,1/2,1/3,2,-5/18,-1/3,1/18
3,1/2,1/2,0,0,0,0
3,1/2,1/2,1,-1/12,-1/8,1/24
3,1/2,1/2,2,-1/6,-1/4,1/12
3,1/2,2/3,0,7/72,1/24,1/18
3,1/2,2/3,1,1/72,-1/12,7/72
3,1/2,2/3,2,-1/18,-1/6,1/9
3,1/2,3/4,0,7/48,1/16,1/12
3,1/2,3/4,1,1/16,-1/16,1/8
3,1/2,3/4,2,0,-1/8,1/8
3,1/2,5/6,0,7/36,1/12,1/9
3,1/2,5/6,1,1/9,-1/24,11/72
3,1/2,5/6,2,1/18,-1/12,5/36
3,2/3,1/3,0,-13/81,-1/27,-10/81
3,2/3,1/3,1,-41/162,-4/27,-17/162
3,2/3,1/3,2,-11/27,-4/9,1/27
3,2/3,1/2,0,-13/162,-1/54,-5/81
3,2/3,1/2,1,-17/108,-1/9,-5/108
3,2/3,1/2,2,-5/18,-1/3,1/18
3,2/3,2/3,0,0,0,0
3,2/3,2/3,1,-5/81,-2/27,1/81
3,2/3,2/3,2,-4/27,-2/9,2/27
3,2/3,3/4,0,13/324,1/108,5/162
3,2/3,3/4,1,-1/72,-1/18,1/24
3,2/3,3/4,2,-1/12,-1/6,1/12
3,2/3,5/6,0,13/162,1/54,5/81
3,2/3,5/6,1,11/324,-1/27,23/324
3,2/3,5/6,2,-1/54,-1/9,5/54
3,3/4,1/3,0,-35/192,-5/192,-5/32
3,3/4,1/3,1,-9/32,-1/8,-5/32
3,3/4,1/3,2,-17/36,-1/2,1/36
3,3/4,1/2,0,-7/64,-1/64,-3/32
3,3/4,1/2,1,-3/16,-3/32,-3/32
3,3/4,1/2,2,-1/3,-3/8,1/24
3,3/4,2/3,0,-7/192,-1/192,-1/32
3,3/4,2/3,1,-3/32,-1/16,-1/32
3,3/4,2/3,2,-7/36,-1/4,1/18
3,3/4,3/4,0,0,0,0
3,3/4,3/4,1,-3/64,-3/64,0
3,3/4,3/4,2,-1/8,-3/16,1/16
3,3/4,5/6,0,7/192,1/192,1/32
3,3/4,5/6,1,0,-1/32,1/32
3,3/4,5/6,2,-1/18,-1/8,5/72
3,5/6,1/3,0,-43/216,-1/72,-5/27
3,5/6,1/3,1,-197/648,-5/54,-137/648
3,5/6,1/3,2,-29/54,-5/9,1/54
3,5/6,1/2,0,-43/324,-1/108,-10/81
3,5/6,1/2,1,-23/108,-5/72,-31/216
3,5/6,1/2,2,-7/18,-5/12,1/36
3,5/6,2/3,0,-43/648,-1/216,-5/81
3,5/6,2/3,1,-79/648,-5/108,-49/648
3,5/6,2/3,2,-13/54,-5/18,1/27
3,5/6,3/4,0,-43/1296,-1/432,-5/162
3,5/6,3/4,1,-11/144,-5/144,-1/24
3,5/6,3/4,2,-1/6,-5/24,1/24
3,5/6,5/6,0,0,0,0
3,5/6,5/6,1,-5/162,-5/216,-5/648
3,5/6,5/6,2,-5/54,-5/36,5/108
4,1/3,1/3,0,0,0,0
4,1/3,1/3,1,-11/162,-8/81,5/162
4,1/3,1/3,2,-19/162,-4/27,5/162
4,1/3,1/3,3,-1/6,-2/9,1/18
4,1/3,1/2,0,65/648,4/81,11/216
4,1/3,1/2,1,5/324,-2/27,29/324
4,1/3,1/2,2,-1/27,-1/9,2/27
4,1/3,1/2,3,-1/12,-1/6,1/12
4,1/3,2/3,0,65/324,8/81,11/108
4,1/3,2/3,1,8/81,-4/81,4/27
4,1/3,2/3,2,7/162,-2/27,19/162
4,1/3,2/3,3,0,-1/9,1/9
4,1/3,3/4,0,325/1296,10/81,55/432
4,1/3,3/4,1,91/648,-1/27,115/648
4,1/3,3/4,2,1/12,-1/18,5/36
4,1/3,3/4,3,1/24,-1/12,1/8
4,1/3,5/6,0,65/216,4/27,11/72
4,1/3,5/6,1,59/324,-2/81,67/324
4,1/3,5/6,2,10/81,-1/27,13/81
4,1/3,5/6,3,1/12,-1/18,5/36
4,1/2,1/3,0,-5/64,-1/48,-11/192
4,1/2,1/3,1,-13/96,-1/12,-5/96
4,1/2,1/3,2,-29/144,-1/6,-5/144
4,1/2,1/3,3,-7/24,-1/3,1/24
4,1/2,1/2,0,0,0,0
4,1/2,1/2,1,-11/192,-1/16,1/192
4,1/2,1/2,2,-11/96,-1/8,1/96
4,1/2,1/2,3,-3/16,-1/4,1/16
4,1/2,2/3,0,5/64,1/48,11/192
4,1/2,2/3,1,1/48,-1/24,1/16
4,1/2,2/3,2,-1/36,-1/12,1/18
4,1/2,2/3,3,-1/12,-1/6,1/12
4,1/2,3/4,0,15/128,1/32,11/128
4,1/2,3/4,1,23/384,-1/32,35/384
4,1/2,3/4,2,1/64,-1/16,5/64
4,1/2,3/4,3,-1/32,-1/8,3/32
4,1/2,5/6,0,5/32,1/24,11/96
4,1/2,5/6,1,19/192,-1/48,23/192
4,1/2,5/6,2,17/288,-1/24,29/288
4,1/2,5/6,3,1/48,-1/12,5/48
4,2/3,1/3,0,-10/81,-1/81,-1/9
4,2/3,1/3,1,-29/162,-4/81,-7/54
4,2/3,1/3,2,-43/162,-4/27,-19/162
4,2/3,1/3,3,-5/12,-4/9,1/36
4,2/3,1/2,0,-5/81,-1/162,-1/18
4,2/3,1/2,1,-35/324,-1/27,-23/324
4,2/3,1/2,2,-19/108,-1/9,-7/108
4,2/3,1/2,3,-7/24,-1/3,1/24
4,2/3,2/3,0,0,0,0
4,2/3,2/3,1,-1/27,-2/81,-1/81
4,2/3,2/3,2,-7/81,-2/27,-1/81
4,2/3,2/3,3,-1/6,-2/9,1/18
4,2/3,3/4,0,5/162,1/324,1/36
4,2/3,3/4,1,-1/648,-1/54,11/648
4,2/3,3/4,2,-1/24,-1/18,1/72
4,2/3,3/4,3,-5/48,-1/6,1/16
4,2/3,5/6,0,5/81,1/162,1/18
4,2/3,5/6,1,11/324,-1/81,5/108
4,2/3,5/6,2,1/324,-1/27,13/324
4,2/3,5/6,3,-1/24,-1/9,5/72
4,3/4,1/3,0,-425/3072,-5/768,-135/1024
4,3/4,1/3,1,-149/768,-1/32,-125/768
4,3/4,1/3,2,-167/576,-1/8,-95/576
4,3/4,1/3,3,-23/48,-1/2,1/48
4,3/4,1/2,0,-85/1024,-1/256,-81/1024
4,3/4,1/2,1,-65/512,-3/128,-53/512
4,3/4,1/2,2,-77/384,-3/32,-41/384
4,3/4,1/2,3,-11/32,-3/8,1/32
4,3/4,2/3,0,-85/3072,-1/768,-27/1024
4,3/4,2/3,1,-23/384,-1/64,-17/384
4,3/4,2/3,2,-1/9,-1/16,-7/144
4,3/4,2/3,3,-5/24,-1/4,1/24
4,3/4,3/4,0,0,0,0
4,3/4,3/4,1,-27/1024,-3/256,-15/1024
4,3/4,3/4,2,-17/256,-3/64,-5/256
4,3/4,3/4,3,-9/64,-3/16,3/64
4,3/4,5/6,0,85/3072,1/768,27/1024
4,3/4,5/6,1,11/1536,-1/128,23/1536
4,3/4,5/6,2,-25/1152,-1/32,11/1152
4,3/4,5/6,3,-7/96,-1/8,5/96
4,5/6,1/3,0,-259/1728,-1/432,-85/576
4,5/6,1/3,1,-533/2592,-5/324,-493/2592
4,5/6,1/3,2,-401/1296,-5/54,-281/1296
4,5/6,1/3,3,-13/24,-5/9,1/72
4,5/6,1/2,0,-259/2592,-1/648,-85/864
4,5/6,1/2,1,-739/5184,-5/432,-679/5184
4,5/6,1/2,2,-191/864,-5/72,-131/864
4,5/6,1/2,3,-19/48,-5/12,1/48
4,5/6,2/3,0,-259/5184,-1/1296,-85/1728
4,5/6,2/3,1,-103/1296,-5/648,-31/432
4,5/6,2/3,2,-43/324,-5/108,-7/81
4,5/6,2/3,3,-1/4,-5/18,1/36
4,5/6,3/4,0,-259/10368,-1/2592,-85/3456
4,5/6,3/4,1,-497/10368,-5/864,-437/10368
4,5/6,3/4,2,-17/192,-5/144,-31/576
4,5/6,3/4,3,-17/96,-5/24,1/32
4,5/6,5/6,0,0,0,0
4,5/6,5/6,1,-85/5184,-5/1296,-65/5184
4,5/6,5/6,2,-115/2592,-5/216,-55/2592
4,5/6,5/6,3,-5/48,-5/36,5/144
5,1/3,1/3,0,0,0,0
5,1/3,1/3,1,-131/2430,-16/243,29/2430
5,1/3,1/3,2,-38/405,-8/81,2/405
5,1/3,1/3,3,-2/15,-4/27,2/135
5,1/3,1/3,4,-8/45,-2/9,2/45
5,1/3,1/2,0,211/2430,8/243,131/2430
5,1/3,1/2,1,7/360,-4/81,223/3240
5,1/3,1/2,2,-19/810,-2/27,41/810
5,1/3,1/2,3,-11/180,-1/9,1/20
5,1/3,1/2,4,-1/10,-1/6,1/15
5,1/3,2/3,0,211/1215,16/243,131/1215
5,1/3,2/3,1,451/4860,-8/243,611/4860
5,1/3,2/3,2,19/405,-4/81,13/135
5,1/3,2/3,3,1/90,-2/27,23/270
5,1/3,2/3,4,-1/45,-1/9,4/45
5,1/3,3/4,0,211/972,20/243,131/972
5,1/3,3/4,1,839/6480,-2/81,37/240
5,1/3,3/4,2,133/1620,-1/27,193/1620
5,1/3,3/4,3,17/360,-1/18,37/360
5,1/3,3/4,4,1/60,-1/12,1/10
5,1/3,5/6,0,211/810,8/81,131/810
5,1/3,5/6,1,323/1944,-4/243,355/1944
5,1/3,5/6,2,19/162,-2/81,23/162
5,1/3,5/6,3,1/12,-1/27,13/108
5,1/3,5/6,4,1/18,-1/18,1/9
5,1/2,1/3,0,-31/480,-1/96,-13/240
5,1/2,1/3,1,-101/960,-1/24,-61/960
5,1/2,1/3,2,-109/720,-1/12,-49/720
5,1/2,1/3,3,-17/80,-1/6,-11/240
5,1/2,1/3,4,-3/10,-1/3,1/30
5,1/2,1/2,0,0,0,0
5,1/2,1/2,1,-13/320,-1/32,-3/320
5,1/2,1/2,2,-13/160,-1/16,-3/160
5,1/2,1/2,3,-21/160,-1/8,-1/160
5,1/2,1/2,4,-1/5,-1/4,1/20
5,1/2,2/3,0,31/480,1/96,13/240
5,1/2,2/3,1,23/960,-1/48,43/960
5,1/2,2/3,2,-1/90,-1/24,11/360
5,1/2,2/3,3,-1/20,-1/12,1/30
5,1/2,2/3,4,-1/10,-1/6,1/15
5,1/2,3/4,0,31/320,1/64,13/160
5,1/2,3/4,1,9/160,-1/64,23/320
5,1/2,3/4,2,23/960,-1/32,53/960
5,1/2,3/4,3,-3/320,-1/16,17/320
5,1/2,3/4,4,-1/20,-1/8,3/40
5,1/2,5/6,0,31/240,1/48,13/120
5,1/2,5/6,1,17/192,-1/96,19/192
5,1/2,5/6,2,17/288,-1/48,23/288
5,1/2,5/6,3,1/32,-1/24,7/96
5,1/2,5/6,4,0,-1/12,1/12
5,2/3,1/3,0,-121/1215,-1/243,-116/1215
5,2/3,1/3,1,-329/2430,-4/243,-289/2430
5,2/3,1/3,2,-76/405,-4/81,-56/405
5,2/3,1/3,3,-49/180,-4/27,-67/540
5,2/3,1/3,4,-19/45,-4/9,1/45
5,2/3,1/2,0,-121/2430,-1/486,-58/1215
5,2/3,1/2,1,-43/540,-1/81,-109/1620
5,2/3,1/2,2,-49/405,-1/27,-34/405
5,2/3,1/2,3,-67/360,-1/9,-3/40
5,2/3,1/2,4,-3/10,-1/3,1/30
5,2/3,2/3,0,0,0,0
5,2/3,2/3,1,-29/1215,-2/243,-19/1215
5,2/3,2/3,2,-22/405,-2/81,-4/135
5,2/3,2/3,3,-1/10,-2/27,-7/270
5,2/3,2/3,4,-8/45,-2/9,2/45
5,2/3,3/4,0,121/4860,1/972,29/1215
5,2/3,3/4,1,13/3240,-1/162,11/1080
5,2/3,3/4,2,-17/810,-1/54,-1/405
5,2/3,3/4,3,-41/720,-1/18,-1/720
5,2/3,3/4,4,-7/60,-1/6,1/20
5,2/3,5/6,0,121/2430,1/486,58/1215
5,2/3,5/6,1,31/972,-1/243,35/972
5,2/3,5/6,2,1/81,-1/81,2/81
5,2/3,5/6,3,-1/72,-1/27,5/216
5,2/3,5/6,4,-1/18,-1/9,1/18
5,3/4,1/3,0,-341/3072,-5/3072,-7/64
5,3/4,1/3,1,-2237/15360,-1/128,-2117/15360
5,3/4,1/3,2,-1151/5760,-1/32,-971/5760
5,3/4,1/3,3,-283/960,-1/8,-163/960
5,3/4,1/3,4,-29/60,-1/2,1/60
5,3/4,1/2,0,-341/5120,-1/1024,-21/320
5,3/4,1/2,1,-481/5120,-3/512,-451/5120
5,3/4,1/2,2,-521/3840,-3/128,-431/3840
5,3/4,1/2,3,-133/640,-3/32,-73/640
5,3/4,1/2,4,-7/20,-3/8,1/40
5,3/4,2/3,0,-341/15360,-1/3072,-7/320
5,3/4,2/3,1,-649/15360,-1/256,-589/15360
5,3/4,2/3,2,-103/1440,-1/64,-161/2880
5,3/4,2/3,3,-29/240,-1/16,-7/120
5,3/4,2/3,4,-13/60,-1/4,1/30
5,3/4,3/4,0,0,0,0
5,3/4,3/4,1,-21/1280,-3/1024,-69/5120
5,3/4,3/4,2,-101/2560,-3/256,-71/2560
5,3/4,3/4,3,-99/1280,-3/64,-39/1280
5,3/4,3/4,4,-3/20,-3/16,3/80
5,3/4,5/6,0,341/15360,1/3072,7/320
5,3/4,5/6,1,29/3072,-1/512,35/3072
5,3/4,5/6,2,-17/2304,-1/128,1/2304
5,3/4,5/6,3,-13/384,-1/32,-1/384
5,3/4,5/6,4,-1/12,-1/8,1/24
5,5/6,1/3,0,-311/2592,-1/2592,-155/1296
5,5/6,1/3,1,-2393/15552,-5/1944,-2353/15552
5,5/6,1/3,2,-271/1296,-5/324,-251/1296
5,5/6,1/3,3,-5/16,-5/54,-95/432
5,5/6,1/3,4,-49/90,-5/9,1/90
5,5/6,1/2,0,-311/3888,-1/3888,-155/1944
5,5/6,1/2,1,-61/576,-5/2592,-539/5184
5,5/6,1/2,2,-383/2592,-5/432,-353/2592
5,5/6,1/2,3,-65/288,-5/72,-5/32
5,5/6,1/2,4,-2/5,-5/12,1/60
5,5/6,2/3,0,-311/7776,-1/7776,-155/3888
5,5/6,2/3,1,-901/15552,-5/3888,-881/15552
5,5/6,2/3,2,-7/81,-5/648,-17/216
5,5/6,2/3,3,-5/36,-5/108,-5/54
5,5/6,2/3,4,-23/90,-5/18,1/45
5,5/6,3/4,0,-311/15552,-1/15552,-155/7776
5,5/6,3/4,1,-11/324,-5/5184,-19/576
5,5/6,3/4,2,-289/5184,-5/864,-259/5184
5,5/6,3/4,3,-55/576,-5/144,-35/576
5,5/6,3/4,4,-11/60,-5/24,1/40
5,5/6,5/6,0,0,0,0
5,5/6,5/6,1,-155/15552,-5/7776,-145/15552
5,5/6,5/6,2,-65/2592,-5/1296,-55/2592
5,5/6,5/6,3,-5/96,-5/216,-25/864
5,5/6,5/6,4,-1/9,-5/36,1/36
6,1/3,1/3,0,0,0,0
6,1/3,1/3,1,-473/10935,-32/729,7/10935
6,1/3,1/3,2,-553/7290,-16/243,-73/7290
6,1/3,1/3,3,-131/1215,-8/81,-11/1215
6,1/3,1/3,4,-58/405,-4/27,2/405
6,1/3,1/3,5,-5/27,-2/9,1/27
6,1/3,1/2,0,665/8748,16/729,473/8748
6,1/3,1/2,1,16/729,-8/243,40/729
6,1/3,1/2,2,-131/9720,-4/81,349/9720
6,1/3,1/2,3,-2/45,-2/27,4/135
6,1/3,1/2,4,-41/540,-1/9,19/540
6,1/3,1/2,5,-1/9,-1/6,1/18
6,1/3,2/3,0,665/4374,32/729,473/4374
6,1/3,2/3,1,953/10935,-16/729,1193/10935
6,1/3,2/3,2,713/14580,-8/243,1193/14580
6,1/3,2/3,3,23/1215,-4/81,83/1215
6,1/3,2/3,4,-7/810,-2/27,53/810
6,1/3,2/3,5,-1/27,-1/9,2/27
6,1/3,3/4,0,3325/17496,40/729,2365/17496
6,1/3,3/4,1,97/810,-4/243,331/2430
6,1/3,3/4,2,173/2160,-2/81,679/6480
6,1/3,3/4,3,41/810,-1/27,71/810
6,1/3,3/4,4,1/40,-1/18,29/360
6,1/3,3/4,5,0,-1/12,1/12
6,1/3,5/6,0,665/2916,16/243,473/2916
6,1/3,5/6,1,1666/10935,-8/729,1786/10935
6,1/3,5/6,2,649/5832,-4/243,745/5832
6,1/3,5/6,3,20/243,-2/81,26/243
6,1/3,5/6,4,19/324,-1/27,31/324
6,1/3,5/6,5,1/27,-1/18,5/54
6,1/2,1/3,0,-7/128,-1/192,-19/384
6,1/2,1/3,1,-27/320,-1/48,-61/960
6,1/2,1/3,2,-113/960,-1/24,-73/960
6,1/2,1/3,3,-77/480,-1/12,-37/480
6,1/2,1/3,4,-79/360,-1/6,-19/360
6,1/2,1/3,5,-11/36,-1/3,1/36
6,1/2,1/2,0,0,0,0
6,1/2,1/2,1,-19/640,-1/64,-9/640
6,1/2,1/2,2,-19/320,-1/32,-9/320
6,1/2,1/2,3,-91/960,-1/16,-31/960
6,1/2,1/2,4,-17/120,-1/8,-1/60
6,1/2,1/2,5,-5/24,-1/4,1/24
6,1/2,2/3,0,7/128,1/192,19/384
6,1/2,2/3,1,1/40,-1/96,17/480
6,1/2,2/3,2,-1/960,-1/48,19/960
6,1/2,2/3,3,-7/240,-1/24,1/80
6,1/2,2/3,4,-23/360,-1/12,7/360
6,1/2,2/3,5,-1/9,-1/6,1/18
6,1/2,3/4,0,21/256,1/128,19/256
6,1/2,3/4,1,67/1280,-1/128,77/1280
6,1/2,3/4,2,9/320,-1/64,7/160
6,1/2,3/4,3,7/1920,-1/32,67/1920
6,1/2,3/4,4,-1/40,-1/16,3/80
6,1/2,3/4,5,-1/16,-1/8,1/16
6,1/2,5/6,0,7/64,1/96,19/192
6,1/2,5/6,1,51/640,-1/192,163/1920
6,1/2,5/6,2,11/192,-1/96,13/192
6,1/2,5/6,3,7/192,-1/48,11/192
6,1/2,5/6,4,1/72,-1/24,1/18
6,1/2,5/6,5,-1/72,-1/12,5/72
6,2/3,1/3,0,-182/2187,-1/729,-179/2187
6,2/3,1/3,1,-2357/21870,-4/729,-2237/21870
6,2/3,1/3,2,-1033/7290,-4/243,-913/7290
6,2/3,1/3,3,-937/4860,-4/81,-697/4860
6,2/3,1/3,4,-112/405,-4/27,-52/405
6,2/3,1/3,5,-23/54,-4/9,1/54
6,2/3,1/2,0,-91/2187,-1/1458,-179/4374
6,2/3,1/2,1,-181/2916,-1/243,-169/2916
6,2/3,1/2,2,-433/4860,-1/81,-373/4860
6,2/3,1/2,3,-139/1080,-1/27,-11/120
6,2/3,1/2,4,-26/135,-1/9,-11/135
6,2/3,1/2,5,-11/36,-1/3,1/36
6,2/3,2/3,0,0,0,0
6,2/3,2/3,1,-179/10935,-2/729,-149/10935
6,2/3,2/3,2,-133/3645,-2/243,-103/3645
6,2/3,2/3,3,-157/2430,-2/81,-97/2430
6,2/3,2/3,4,-44/405,-2/27,-14/405
6,2/3,2/3,5,-5/27,-2/9,1/27
6,2/3,3/4,0,91/4374,1/2916,179/8748
6,2/3,3/4,1,7/1080,-1/486,83/9720
6,2/3,3/4,2,-11/1080,-1/162,-13/3240
6,2/3,3/4,3,-211/6480,-1/54,-91/6480
6,2/3,3/4,4,-1/15,-1/18,-1/90
6,2/3,3/4,5,-1/8,-1/6,1/24
6,2/3,5/6,0,91/2187,1/1458,179/4374
6,2/3,5/6,1,1283/43740,-1/729,1343/43740
6,2/3,5/6,2,47/2916,-1/243,59/2916
6,2/3,5/6,3,-1/1944,-1/81,23/1944
6,2/3,5/6,4,-2/81,-1/27,1/81
6,2/3,5/6,5,-7/108,-1/9,5/108
6,3/4,1/3,0,-2275/24576,-5/12288,-755/8192
6,3/4,1/3,1,-1187/10240,-1/512,-1167/10240
6,3/4,1/3,2,-6901/46080,-1/128,-6541/46080
6,3/4,1/3,3,-781/3840,-1/32,-661/3840
6,3/4,1/3,4,-143/480,-1/8,-83/480
6,3/4,1/3,5,-35/72,-1/2,1/72
6,3/4,1/2,0,-455/8192,-1/4096,-453/8192
6,3/4,1/2,1,-303/4096,-3/2048,-297/4096
6,3/4,1/2,2,-769/7680,-3/512,-181/1920
6,3/4,1/2,3,-361/2560,-3/128,-301/2560
6,3/4,1/2,4,-17/80,-3/32,-19/160
6,3/4,1/2,5,-17/48,-3/8,1/48
6,3/4,2/3,0,-455/24576,-1/12288,-151/8192
6,3/4,2/3,1,-41/1280,-1/1024,-159/5120
6,3/4,2/3,2,-2327/46080,-1/256,-2147/46080
6,3/4,2/3,3,-151/1920,-1/64,-121/1920
6,3/4,2/3,4,-61/480,-1/16,-31/480
6,3/4,2/3,5,-2/9,-1/4,1/36
6,3/4,3/4,0,0,0,0
6,3/4,3/4,1,-453/40960,-3/4096,-423/40960
6,3/4,3/4,2,-263/10240,-3/1024,-233/10240
6,3/4,3/4,3,-243/5120,-3/256,-183/5120
6,3/4,3/4,4,-27/320,-3/64,-3/80
6,3/4,3/4,5,-5/32,-3/16,1/32
6,3/4,5/6,0,455/24576,1/12288,151/8192
6,3/4,5/6,1,203/20480,-1/2048,213/20480
6,3/4,5/6,2,-1/1152,-1/512,5/4608
6,3/4,5/6,3,-25/1536,-1/128,-13/1536
6,3/4,5/6,4,-1/24,-1/32,-1/96
6,3/4,5/6,5,-13/144,-1/8,5/144
6,5/6,1/3,0,-9331/93312,-1/15552,-9325/93312
6,5/6,1/3,1,-17167/139968,-5/11664,-17107/139968
6,5/6,1/3,2,-7291/46656,-5/1944,-7171/46656
6,5/6,1/3,3,-1643/7776,-5/324,-1523/7776
6,5/6,1/3,4,-1019/3240,-5/54,-719/3240
6,5/6,1/3,5,-59/108,-5/9,1/108
6,5/6,1/2,0,-9331/139968,-1/23328,-9325/139968
6,5/6,1/2,1,-7837/93312,-5/15552,-7807/93312
6,5/6,1/2,2,-1703/15552,-5/2592,-1673/15552
6,5/6,1/2,3,-29/192,-5/432,-241/1728
6,5/6,1/2,4,-247/1080,-5/72,-43/270
6,5/6,1/2,5,-29/72,-5/12,1/72
6,5/6,2/3,0,-9331/279936,-1/46656,-9325/279936
6,5/6,2/3,1,-793/17496,-5/23328,-3157/69984
6,5/6,2/3,2,-2927/46656,-5/3888,-2867/46656
6,5/6,2/3,3,-353/3888,-5/648,-323/3888
6,5/6,2/3,4,-463/3240,-5/108,-313/3240
6,5/6,2/3,5,-7/27,-5/18,1/54
6,5/6,3/4,0,-9331/559872,-1/93312,-9325/559872
6,5/6,3/4,1,-539/20736,-5/31104,-1607/62208
6,5/6,3/4,2,-17/432,-5/5184,-199/5184
6,5/6,3/4,3,-629/10368,-5/864,-569/10368
6,5/6,3/4,4,-1/10,-5/144,-47/720
6,5/6,3/4,5,-3/16,-5/24,1/48
6,5/6,5/6,0,0,0,0
6,5/6,5/6,1,-1865/279936,-5/46656,-1835/279936
6,5/6,5/6,2,-745/46656,-5/7776,-715/46656
6,5/6,5/6,3,-475/15552,-5/1296,-415/15552
6,5/6,5/6,4,-37/648,-5/216,-11/324
6,5/6,5/6,5,-25/216,-5/36,5/216
7,1/3,1/3,0,0,0,0
7,1/3,1/3,1,-179/5103,-64/2187,-89/15309
7,1/3,1/3,2,-4744/76545,-32/729,-1384/76545
7,1/3,1/3,3,-1499/17010,-16/243,-379/17010
7,1/3,1/3,4,-992/8505,-8/81,-152/8505
7,1/3,1/3,5,-85/567,-4/27,-1/567
7,1/3,1/3,6,-4/21,-2/9,2/63
7,1/3,1/2,0,2059/30618,32/2187,179/3402
7,1/3,1/2,1,1433/61236,-16/729,2777/61236
7,1/3,1/2,2,-313/51030,-8/243,1367/51030
7,1/3,1/2,3,-241/7560,-4/81,397/22680
7,1/3,1/2,4,-109/1890,-2/27,31/1890
7,1/3,1/2,5,-65/756,-1/9,19/756
7,1/3,1/2,6,-5/42,-1/6,1/21
7,1/3,2/3,0,2059/15309,64/2187,179/1701
7,1/3,2/3,1,2507/30618,-32/2187,985/10206
7,1/3,2/3,2,761/15309,-16/729,1097/15309
7,1/3,2/3,3,829/34020,-8/243,1949/34020
7,1/3,2/3,4,11/8505,-4/81,431/8505
7,1/3,2/3,5,-25/1134,-2/27,59/1134
7,1/3,2/3,6,-1/21,-1/9,4/63
7,1/3,3/4,0,10295/61236,80/2187,895/6804
7,1/3,3/4,1,13609/122472,-8/729,14953/122472
7,1/3,3/4,2,2641/34020,-4/243,1067/11340
7,1/3,3/4,3,2381/45360,-2/81,389/5040
7,1/3,3/4,4,349/11340,-1/27,769/11340
7,1/3,3/4,5,5/504,-1/18,11/168
7,1/3,3/4,6,-1/84,-1/12,1/14
7,1/3,5/6,0,2059/10206,32/729,179/1134
7,1/3,5/6,1,955/6804,-16/2187,9043/61236
7,1/3,5/6,2,16159/153090,-8/729,17839/153090
7,1/3,5/6,3,1097/13608,-4/243,1321/13608
7,1/3,5/6,4,205/3402,-2/81,289/3402
7,1/3,5/6,5,95/2268,-1/27,179/2268
7,1/3,5/6,6,1/42,-1/18,5/63
7,1/2,1/3,0,-127/2688,-1/384,-5/112
7,1/2,1/3,1,-187/2688,-1/96,-53/896
7,1/2,1/3,2,-317/3360,-1/48,-247/3360
7,1/2,1/3,3,-841/6720,-1/24,-187/2240
7,1/2,1/3,4,-419/2520,-1/12,-209/2520
7,1/2,1/3,5,-113/504,-1/6,-29/504
7,1/2,1/3,6,-13/42,-1/3,1/42
7,1/2,1/2,0,0,0,0
7,1/2,1/2,1,-5/224,-1/128,-13/896
7,1/2,1/2,2,-5/112,-1/64,-13/448
7,1/2,1/2,3,-79/1120,-1/32,-11/280
7,1/2,1/2,4,-29/280,-1/16,-23/560
7,1/2,1/2,5,-25/168,-1/8,-1/42
7,1/2,1/2,6,-3/14,-1/4,1/28
7,1/2,2/3,0,127/2688,1/384,5/112
7,1/2,2/3,1,67/2688,-1/192,27/896
7,1/2,2/3,2,17/3360,-1/96,13/840
7,1/2,2/3,3,-107/6720,-1/48,11/2240
7,1/2,2/3,4,-103/2520,-1/24,1/1260
7,1/2,2/3,5,-37/504,-1/12,5/504
7,1/2,2/3,6,-5/42,-1/6,1/21
7,1/2,3/4,0,127/1792,1/256,15/224
7,1/2,3/4,1,87/1792,-1/256,47/896
7,1/2,3/4,2,67/2240,-1/128,169/4480
7,1/2,3/4,3,51/4480,-1/64,121/4480
7,1/2,3/4,4,-1/105,-1/32,73/3360
7,1/2,3/4,5,-1/28,-1/16,3/112
7,1/2,3/4,6,-1/14,-1/8,3/56
7,1/2,5/6,0,127/1344,1/192,5/56
7,1/2,5/6,1,97/1344,-1/384,67/896
7,1/2,5/6,2,23/420,-1/192,403/6720
7,1/2,5/6,3,13/336,-1/96,11/224
7,1/2,5/6,4,11/504,-1/48,43/1008
7,1/2,5/6,5,1/504,-1/24,11/252
7,1/2,5/6,6,-1/42,-1/12,5/84
7,2/3,1/3,0,-1093/15309,-1/2187,-362/5103
7,2/3,1/3,1,-2729/30618,-4/2187,-11/126
7,2/3,1/3,2,-1723/15309,-4/729,-1639/15309
7,2/3,1/3,3,-4957/34020,-4/243,-4397/34020
7,2/3,1/3,4,-1669/8505,-4/81,-1249/8505
7,2/3,1/3,5,-317/1134,-4/27,-149/1134
7,2/3,1/3,6,-3/7,-4/9,1/63
7,2/3,1/2,0,-1093/30618,-1/4374,-181/5103
7,2/3,1/2,1,-3091/61236,-1/729,-3007/61236
7,2/3,1/2,2,-3533/51030,-1/243,-3323/51030
7,2/3,1/2,3,-719/7560,-1/81,-1877/22680
7,2/3,1/2,4,-253/1890,-1/27,-61/630
7,2/3,1/2,5,-149/756,-1/9,-65/756
7,2/3,1/2,6,-13/42,-1/3,1/42
7,2/3,2/3,0,0,0,0
7,2/3,2/3,1,-181/15309,-2/2187,-167/15309
7,2/3,2/3,2,-1984/76545,-2/729,-1774/76545
7,2/3,2/3,3,-757/17010,-2/243,-617/17010
7,2/3,2/3,4,-608/8505,-2/81,-398/8505
7,2/3,2/3,5,-65/567,-2/27,-23/567
7,2/3,2/3,6,-4/21,-2/9,2/63
7,2/3,3/4,0,1093/61236,1/8748,181/10206
7,2/3,3/4,1,919/122472,-1/1458,1003/122472
7,2/3,3/4,2,-29/6804,-1/486,-5/2268
7,2/3,3/4,3,-871/45360,-1/162,-197/15120
7,2/3,3/4,4,-457/11340,-1/54,-247/11340
7,2/3,3/4,5,-37/504,-1/18,-1/56
7,2/3,3/4,6,-11/84,-1/6,1/28
7,2/3,5/6,0,1093/30618,1/4374,181/5103
7,2/3,5/6,1,1643/61236,-1/2187,557/20412
7,2/3,5/6,2,2663/153090,-1/729,2873/153090
7,2/3,5/6,3,83/13608,-1/243,139/13608
7,2/3,5/6,4,-31/3402,-1/81,11/3402
7,2/3,5/6,5,-73/2268,-1/27,11/2268
7,2/3,5/6,6,-1/14,-1/9,5/126
7,3/4,1/3,0,-27305/344064,-5/49152,-4545/57344
7,3/4,1/3,1,-16531/172032,-1/2048,-16447/172032
7,3/4,1/3,2,-38377/322560,-1/512,-37747/322560
7,3/4,1/3,3,-16393/107520,-1/128,-15553/107520
7,3/4,1/3,4,-461/2240,-1/32,-391/2240
7,3/4,1/3,5,-605/2016,-1/8,-353/2016
7,3/4,1/3,6,-41/84,-1/2,1/84
7,3/4,1/2,0,-5461/114688,-1/16384,-2727/57344
7,3/4,1/2,1,-109/1792,-3/8192,-3467/57344
7,3/4,1/2,2,-8447/107520,-3/2048,-16579/215040
7,3/4,1/2,3,-1867/17920,-3/512,-881/8960
7,3/4,1/2,4,-81/560,-3/128,-543/4480
7,3/4,1/2,5,-145/672,-3/32,-41/336
7,3/4,1/2,6,-5/14,-3/8,1/56
7,3/4,2/3,0,-5461/344064,-1/49152,-909/57344
7,3/4,2/3,1,-4397/172032,-1/4096,-4355/172032
7,3/4,2/3,2,-2461/64512,-1/1024,-1199/32256
7,3/4,2/3,3,-6011/107520,-1/256,-5591/107520
7,3/4,2/3,4,-187/2240,-1/64,-19/280
7,3/4,2/3,5,-265/2016,-1/16,-139/2016
7,3/4,2/3,6,-19/84,-1/4,1/42
7,3/4,3/4,0,0,0,0
7,3/4,3/4,1,-909/114688,-3/16384,-111/14336
7,3/4,3/4,2,-643/35840,-3/4096,-2467/143360
7,3/4,3/4,3,-2277/71680,-3/1024,-2067/71680
7,3/4,3/4,4,-237/4480,-3/256,-369/8960
7,3/4,3/4,5,-5/56,-3/64,-19/448
7,3/4,3/4,6,-9/56,-3/16,3/112
7,3/4,5/6,0,5461/344064,1/49152,909/57344
7,3/4,5/6,1,835/86016,-1/8192,1691/172032
7,3/4,5/6,2,731/322560,-1/2048,1777/645120
7,3/4,5/6,3,-41/5376,-1/512,-61/10752
7,3/4,5/6,4,-5/224,-1/128,-13/896
7,3/4,5/6,5,-95/2016,-1/32,-1/63
7,3/4,5/6,6,-2/21,-1/8,5/168
7,5/6,1/3,0,-55987/653184,-1/93312,-1555/18144
7,5/6,1/3,1,-22187/217728,-5/69984,-199543/1959552
7,5/6,1/3,2,-60943/489888,-5/11664,-60733/489888
7,5/6,1/3,3,-17189/108864,-5/1944,-16909/108864
7,5/6,1/3,4,-14479/68040,-5/324,-13429/68040
7,5/6,1/3,5,-1433/4536,-5/54,-1013/4536
7,5/6,1/3,6,-23/42,-5/9,1/126
7,5/6,1/2,0,-55987/979776,-1/139968,-1555/27216
7,5/6,1/2,1,-17029/244944,-5/93312,-136127/1959552
7,5/6,1/2,2,-442/5103,-5/15552,-28183/326592
7,5/6,1/2,3,-677/6048,-5/2592,-499/4536
7,5/6,1/2,4,-1159/7560,-5/432,-2143/15120
7,5/6,1/2,5,-349/1512,-5/72,-61/378
7,5/6,1/2,6,-17/42,-5/12,1/84
7,5/6,2/3,0,-55987/1959552,-1/279936,-1555/54432
7,5/6,2/3,1,-72781/1959552,-5/139968,-2693/72576
7,5/6,2/3,2,-23921/489888,-5/23328,-2977/61236
7,5/6,2/3,3,-7183/108864,-5/3888,-7043/108864
7,5/6,2/3,4,-6383/68040,-5/648,-2929/34020
7,5/6,2/3,5,-661/4536,-5/108,-451/4536
7,5/6,2/3,6,-11/42,-5/18,1/63
7,5/6,3/4,0,-55987/3919104,-1/559872,-1555/108864
7,5/6,3/4,1,-82111/3919104,-5/186624,-41003/1959552
7,5/6,3/4,2,-3259/108864,-5/31104,-2161/72576
7,5/6,3/4,3,-3121/72576,-5/5184,-113/2688
7,5/6,3/4,4,-1453/22680,-5/864,-5287/90720
7,5/6,3/4,5,-13/126,-5/144,-23/336
7,5/6,3/4,6,-4/21,-5/24,1/56
7,5/6,5/6,0,0,0,0
7,5/6,5/6,1,-1555/326592,-5/279936,-9295/1959552
7,5/6,5/6,2,-2705/244944,-5/46656,-10715/979776
7,5/6,5/6,3,-545/27216,-5/7776,-1055/54432
7,5/6,5/6,4,-467/13608,-5/1296,-829/27216
7,5/6,5/6,5,-275/4536,-5/216,-85/2268
7,5/6,5/6,6,-5/42,-5/36,5/252
8,1/3,1/3,0,0,0,0
8,1/3,1/3,1,-5281/183708,-128/6561,-1697/183708
8,1/3,1/3,2,-3133/61236,-64/2187,-149/6804
8,1/3,1/3,3,-7429/102060,-32/729,-983/34020
8,1/3,1/3,4,-121/1260,-16/243,-1027/34020
8,1/3,1/3,5,-835/6804,-8/81,-163/6804
8,1/3,1/3,6,-13/84,-4/27,-5/756
8,1/3,1/3,7,-7/36,-2/9,1/36
8,1/3,1/2,0,6305/104976,64/6561,5281/104976
8,1/3,1/2,1,985/40824,-32/2187,4747/122472
8,1/3,1/2,2,-89/122472,-16/729,2599/122472
8,1/3,1/2,3,-169/7560,-8/243,719/68040
8,1/3,1/2,4,-124/2835,-4/81,16/2835
8,1/3,1/2,5,-101/1512,-2/27,11/1512
8,1/3,1/2,6,-47/504,-1/9,1/56
8,1/3,1/2,7,-1/8,-1/6,1/24
8,1/3,2/3,0,6305/52488,128/6561,5281/52488
8,1/3,2/3,1,7073/91854,-64/6561,7969/91854
8,1/3,2/3,2,761/15309,-32/2187,985/15309
8,1/3,2/3,3,1433/51030,-16/729,851/17010
8,1/3,2/3,4,97/11340,-8/243,1411/34020
8,1/3,2/3,5,-37/3402,-4/81,131/3402
8,1/3,2/3,6,-2/63,-2/27,8/189
8,1/3,2/3,7,-1/18,-1/9,1/18
8,1/3,3/4,0,31525/209952,160/6561,26405/209952
8,1/3,3/4,1,25337/244944,-16/2187,9043/81648
8,1/3,3/4,2,18353/244944,-8/729,21041/244944
8,1/3,3/4,3,7253/136080,-4/243,9493/136080
8,1/3,3/4,4,787/22680,-2/81,449/7560
8,1/3,3/4,5,155/9072,-1/27,491/9072
8,1/3,3/4,6,-1/1008,-1/18,55/1008
8,1/3,3/4,7,-1/48,-1/12,1/16
8,1/3,5/6,0,6305/34992,64/2187,5281/34992
8,1/3,5/6,1,6817/52488,-32/6561,7073/52488
8,1/3,5/6,2,12265/122472,-16/2187,4387/40824
8,1/3,5/6,3,16027/204120,-8/729,6089/68040
8,1/3,5/6,4,23/378,-4/243,263/3402
8,1/3,5/6,5,613/13608,-2/81,949/13608
8,1/3,5/6,6,5/168,-1/27,101/1512
8,1/3,5/6,7,1/72,-1/18,5/72
8,1/2,1/3,0,-85/2048,-1/768,-247/6144
8,1/2,1/3,1,-421/7168,-1/192,-1151/21504
8,1/2,1/3,2,-835/10752,-1/96,-241/3584
8,1/2,1/3,3,-901/8960,-1/48,-2143/26880
8,1/2,1/3,4,-583/4480,-1/24,-1189/13440
8,1/2,1/3,5,-229/1344,-1/12,-39/448
8,1/2,1/3,6,-51/224,-1/6,-41/672
8,1/2,1/3,7,-5/16,-1/3,1/48
8,1/2,1/2,0,0,0,0
8,1/2,1/2,1,-247/14336,-1/256,-191/14336
8,1/2,1/2,2,-247/7168,-1/128,-191/7168
8,1/2,1/2,3,-967/17920,-1/64,-687/17920
8,1/2,1/2,4,-699/8960,-1/32,-419/8960
8,1/2,1/2,5,-295/2688,-1/16,-127/2688
8,1/2,1/2,6,-69/448,-1/8,-13/448
8,1/2,1/2,7,-7/32,-1/4,1/32
8,1/2,2/3,0,85/2048,1/768,247/6144
8,1/2,2/3,1,87/3584,-1/384,289/10752
8,1/2,2/3,2,47/5376,-1/192,25/1792
8,1/2,2/3,3,-33/4480,-1/96,41/13440
8,1/2,2/3,4,-29/1120,-1/48,-17/3360
8,1/2,2/3,5,-11/224,-1/24,-5/672
8,1/2,2/3,6,-9/112,-1/12,1/336
8,1/2,2/3,7,-1/8,-1/6,1/24
8,1/2,3/4,0,255/4096,1/512,247/4096
8,1/2,3/4,1,1291/28672,-1/512,1347/28672
8,1/2,3/4,2,435/14336,-1/256,491/14336
8,1/2,3/4,3,571/35840,-1/128,851/35840
8,1/2,3/4,4,3/17920,-1/64,283/17920
8,1/2,3/4,5,-101/5376,-1/32,67/5376
8,1/2,3/4,6,-39/896,-1/16,17/896
8,1/2,3/4,7,-5/64,-1/8,3/64
8,1/2,5/6,0,85/1024,1/384,247/3072
8,1/2,5/6,1,943/14336,-1/768,2885/43008
8,1/2,5/6,2,1117/21504,-1/384,391/7168
8,1/2,5/6,3,703/17920,-1/192,2389/53760
8,1/2,5/6,4,47/1792,-1/96,197/5376
8,1/2,5/6,5,31/2688,-1/48,29/896
8,1/2,5/6,6,-3/448,-1/24,47/1344
8,1/2,5/6,7,-1/32,-1/12,5/96
8,2/3,1/3,0,-410/6561,-1/6561,-409/6561
8,2/3,1/3,1,-6967/91854,-4/6561,-6911/91854
8,2/3,1/3,2,-2843/30618,-4/2187,-929/10206
8,2/3,1/3,3,-11813/102060,-4/729,-3751/34020
8,2/3,1/3,4,-421/2835,-4/243,-1123/8505
8,2/3,1/3,5,-338/1701,-4/81,-254/1701
8,2/3,1/3,6,-71/252,-4/27,-101/756
8,2/3,1/3,7,-31/72,-4/9,1/72
8,2/3,1/2,0,-205/6561,-1/13122,-409/13122
8,2/3,1/2,1,-865/20412,-1/2187,-2567/61236
8,2/3,1/2,2,-3433/61236,-1/729,-3349/61236
8,2/3,1/2,3,-1679/22680,-1/243,-4757/68040
8,2/3,1/2,4,-563/5670,-1/81,-493/5670
8,2/3,1/2,5,-26/189,-1/27,-19/189
8,2/3,1/2,6,-101/504,-1/9,-5/56
8,2/3,1/2,7,-5/16,-1/3,1/48
8,2/3,2/3,0,0,0,0
8,2/3,2/3,1,-409/45927,-2/6561,-395/45927
8,2/3,2/3,2,-295/15309,-2/2187,-281/15309
8,2/3,2/3,3,-1649/51030,-2/729,-503/17010
8,2/3,2/3,4,-142/2835,-2/243,-356/8505
8,2/3,2/3,5,-130/1701,-2/81,-88/1701
8,2/3,2/3,6,-5/42,-2/27,-17/378
8,2/3,2/3,7,-7/36,-2/9,1/36
8,2/3,3/4,0,205/13122,1/26244,409/26244
8,2/3,3/4,1,137/17496,-1/4374,47/5832
8,2/3,3/4,2,-107/122472,-1/1458,-23/122472
8,2/3,3/4,3,-1559/136080,-1/486,-1279/136080
8,2/3,3/4,4,-289/11340,-1/162,-73/3780
8,2/3,3/4,5,-26/567,-1/54,-31/1134
8,2/3,3/4,6,-79/1008,-1/18,-23/1008
8,2/3,3/4,7,-13/96,-1/6,1/32
8,2/3,5/6,0,205/6561,1/13122,409/13122
8,2/3,5/6,1,4513/183708,-1/6561,4541/183708
8,2/3,5/6,2,1073/61236,-1/2187,367/20412
8,2/3,5/6,3,1919/204120,-1/729,733/68040
8,2/3,5/6,4,-1/1134,-1/243,11/3402
8,2/3,5/6,5,-26/1701,-1/81,-5/1701
8,2/3,5/6,6,-19/504,-1/27,-1/1512
8,2/3,5/6,7,-11/144,-1/9,5/144
8,3/4,1/3,0,-109225/1572864,-5/196608,-36395/524288
8,3/4,1/3,1,-225719/2752512,-1/8192,-225383/2752512
8,3/4,1/3,2,-203227/2064384,-1/2048,-202219/2064384
8,3/4,1/3,3,-104159/860160,-1/512,-102479/860160
8,3/4,1/3,4,-33199/215040,-1/128,-31519/215040
8,3/4,1/3,5,-6695/32256,-1/32,-5687/32256
8,3/4,1/3,6,-811/2688,-1/8,-475/2688
8,3/4,1/3,7,-47/96,-1/2,1/96
8,3/4,1/2,0,-21845/524288,-1/65536,-21837/524288
8,3/4,1/2,1,-94655/1835008,-3/32768,-94487/1835008
8,3/4,1/2,2,-88567/1376256,-3/8192,-88063/1376256
8,3/4,1/2,3,-46871/573440,-3/2048,-46031/573440
8,3/4,1/2,4,-15349/143360,-3/512,-14509/143360
8,3/4,1/2,5,-3167/21504,-3/128,-2663/21504
8,3/4,1/2,6,-391/1792,-3/32,-223/1792
8,3/4,1/2,7,-23/64,-3/8,1/64
8,3/4,2/3,0,-21845/1572864,-1/196608,-7279/524288
8,3/4,2/3,1,-29123/1376256,-1/16384,-29039/1376256
8,3/4,2/3,2,-31237/1032192,-1/4096,-30985/1032192
8,3/4,2/3,3,-18227/430080,-1/1024,-17807/430080
8,3/4,2/3,4,-803/13440,-1/256,-1501/26880
8,3/4,2/3,5,-1403/16128,-1/64,-1151/16128
8,3/4,2/3,6,-181/1344,-1/16,-97/1344
8,3/4,2/3,7,-11/48,-1/4,1/48
8,3/4,3/4,0,0,0,0
8,3/4,3/4,1,-21837/3670016,-3/65536,-21669/3670016
8,3/4,3/4,2,-12127/917504,-3/16384,-11959/917504
8,3/4,3/4,3,-26037/1146880,-3/4096,-25197/1146880
8,3/4,3/4,4,-10347/286720,-3/1024,-9507/286720
8,3/4,3/4,5,-815/14336,-3/256,-647/14336
8,3/4,3/4,6,-333/3584,-3/64,-165/3584
8,3/4,3/4,7,-21/128,-3/16,3/128
8,3/4,5/6,0,21845/1572864,1/196608,7279/524288
8,3/4,5/6,1,7283/786432,-1/32768,7307/786432
8,3/4,5/6,2,15805/4128768,-1/8192,16309/4128768
8,3/4,5/6,3,-5203/1720320,-1/2048,-4363/1720320
8,3/4,5/6,4,-1069/86016,-1/512,-901/86016
8,3/4,5/6,5,-1723/64512,-1/128,-1219/64512
8,3/4,5/6,6,-275/5376,-1/32,-107/5376
8,3/4,5/6,7,-19/192,-1/8,5/192
8,5/6,1/3,0,-335923/4478976,-1/559872,-335915/4478976
8,5/6,1/3,1,-4098247/47029248,-5/419904,-4097687/47029248
8,5/6,1/3,2,-809183/7838208,-5/69984,-9983/96768
8,5/6,1/3,3,-164147/1306368,-5/11664,-54529/435456
8,5/6,1/3,4,-19241/120960,-5/1944,-170369/1088640
8,5/6,1/3,5,-23287/108864,-5/324,-21607/108864
8,5/6,1/3,6,-71/224,-5/54,-1357/6048
8,5/6,1/3,7,-79/144,-5/9,1/144
8,5/6,1/2,0,-335923/6718464,-1/839808,-335915/6718464
8,5/6,1/2,1,-619589/10450944,-5/559872,-1858487/31352832
8,5/6,1/2,2,-1121209/15676416,-5/93312,-1120369/15676416
8,5/6,1/2,3,-8563/96768,-5/15552,-76787/870912
8,5/6,1/2,4,-82519/725760,-5/2592,-81119/725760
8,5/6,1/2,5,-3749/24192,-5/432,-3469/24192
8,5/6,1/2,6,-937/4032,-5/72,-73/448
8,5/6,1/2,7,-13/32,-5/12,1/96
8,5/6,2/3,0,-335923/13436928,-1/1679616,-335915/13436928
8,5/6,2/3,1,-739027/23514624,-5/839808,-738887/23514624
8,5/6,2/3,2,-156013/3919104,-5/139968,-155873/3919104
8,5/6,2/3,3,-33527/653184,-5/23328,-11129/217728
8,5/6,2/3,4,-6199/90720,-5/3888,-18247/272160
8,5/6,2/3,5,-5227/54432,-5/648,-4807/54432
8,5/6,2/3,6,-149/1008,-5/108,-307/3024
8,5/6,2/3,7,-19/72,-5/18,1/72
8,5/6,3/4,0,-335923/26873856,-1/3359232,-335915/26873856
8,5/6,3/4,1,-156763/8957952,-5/1119744,-52241/2985984
8,5/6,3/4,2,-750947/31352832,-5/186624,-750107/31352832
8,5/6,3/4,3,-57041/1741824,-5/31104,-56761/1741824
8,5/6,3/4,4,-66257/1451520,-5/5184,-21619/483840
8,5/6,3/4,5,-9661/145152,-5/864,-8821/145152
8,5/6,3/4,6,-851/8064,-5/144,-571/8064
8,5/6,3/4,7,-37/192,-5/24,1/64
8,5/6,5/6,0,0,0,0
8,5/6,5/6,1,-335915/94058496,-5/1679616,-335635/94058496
8,5/6,5/6,2,-126895/15676416,-5/279936,-42205/5225472
8,5/6,5/6,3,-37015/2612736,-5/46656,-12245/870912
8,5/6,5/6,4,-1111/48384,-5/7776,-9719/435456
8,5/6,5/6,5,-8075/217728,-5/1296,-7235/217728
8,5/6,5/6,6,-85/1344,-5/216,-485/12096
8,5/6,5/6,7,-35/288,-5/36,5/288
